participant,condition,word_index,word,is_surprising,rt_ms
P69113,experimental,0,On,0,751.0448999819346
P69113,experimental,1,a,0,2172.541400010232
P69113,experimental,2,clear,0,356.4205000002403
P69113,experimental,3,Saturday,0,433.2050000084564
P69113,experimental,4,"morning,",0,203.1591999984812
P69113,experimental,5,Maya,0,124.04640001477674
P69113,experimental,6,set,0,123.76389998826198
P69113,experimental,7,out,0,127.49389998498373
P69113,experimental,8,for,0,101.41859998111613
P69113,experimental,9,a,0,84.92079999996349
P69113,experimental,10,slow,0,602.8322000056505
P69113,experimental,11,jog,0,108.53960001259111
P69113,experimental,12,along,0,127.91859998833388
P69113,experimental,13,the,0,110.83759999019094
P69113,experimental,14,riverside,0,117.51430001459084
P69113,experimental,15,path.,0,297.72969998884946
P69113,experimental,16,The,0,115.281899983529
P69113,experimental,17,air,0,123.79400001373142
P69113,experimental,18,smelled,0,142.77159998891875
P69113,experimental,19,faintly,0,148.13669997965917
P69113,experimental,20,of,0,127.69639998441562
P69113,experimental,21,wet,0,143.8475000031758
P69113,experimental,22,"toothpaste,",1,151.09970001503825
P69113,experimental,23,and,0,146.5127000119537
P69113,experimental,24,bicycles,0,132.81050001387484
P69113,experimental,25,drifted,0,129.29110002005473
P69113,experimental,26,past,0,144.93390001007356
P69113,experimental,27,like,0,131.38059998163953
P69113,experimental,28,quiet,0,144.92520000203513
P69113,experimental,29,birds.,0,158.96810000413097
P69113,experimental,30,She,0,141.30409999052063
P69113,experimental,31,counted,0,163.0998000036925
P69113,experimental,32,her,0,144.01599997654557
P69113,experimental,33,"breaths,",0,157.71410000161268
P69113,experimental,34,matching,0,159.20779999578372
P69113,experimental,35,them,0,176.9645999884233
P69113,experimental,36,to,0,180.1790000172332
P69113,experimental,37,the,0,157.51760001876391
P69113,experimental,38,soft,0,207.087099988712
P69113,experimental,39,rhythm,0,173.40639999019913
P69113,experimental,40,of,0,172.91260001366027
P69113,experimental,41,her,0,198.27079999959096
P69113,experimental,42,footsteps.,0,151.80160000454634
P69113,experimental,43,At,0,144.1451999999117
P69113,experimental,44,the,0,149.21150001464412
P69113,experimental,45,old,0,146.75329998135567
P69113,experimental,46,footbridge,0,145.19499999005347
P69113,experimental,47,she,0,140.33500000368804
P69113,experimental,48,"paused,",0,170.5620999855455
P69113,experimental,49,watching,0,144.24969998071902
P69113,experimental,50,sunlight,0,134.50479999301024
P69113,experimental,51,scatter,0,149.84639998874627
P69113,experimental,52,across,0,134.29079999332316
P69113,experimental,53,the,0,113.92679999698885
P69113,experimental,54,water.,0,122.86309999763034
P69113,experimental,55,A,0,430.63360001542605
P69113,experimental,56,family,0,180.05349999293685
P69113,experimental,57,unpacked,0,134.64239999302663
P69113,experimental,58,breakfast,0,146.71180001460016
P69113,experimental,59,nearby;,0,145.07529998081736
P69113,experimental,60,a,0,138.70189999579452
P69113,experimental,61,thermos,0,152.99859998049214
P69113,experimental,62,"hissed,",0,157.3620999988634
P69113,experimental,63,and,0,151.8011000007391
P69113,experimental,64,someone,0,153.87579999514855
P69113,experimental,65,laughed.,0,157.5905000208877
P69113,experimental,66,Maya,0,178.6337000085041
P69113,experimental,67,"stretched,",0,147.60450000176206
P69113,experimental,68,then,0,147.73419999983162
P69113,experimental,69,started,0,156.49409999605268
P69113,experimental,70,again,0,156.42680000746623
P69113,experimental,71,along,0,156.69539998634718
P69113,experimental,72,the,0,149.11299999221228
P69113,experimental,73,path,0,180.40359998121858
P69113,experimental,74,that,0,145.32249997137114
P69113,experimental,75,curved,0,167.6218000066001
P69113,experimental,76,through,0,154.74590001394972
P69113,experimental,77,willows.,0,168.98699998273514
P69113,experimental,78,Past,0,153.9481999934651
P69113,experimental,79,the,0,159.43339999648742
P69113,experimental,80,square,0,151.05529999709688
P69113,experimental,81,she,0,156.62400002474897
P69113,experimental,82,"slowed,",0,146.19390000007115
P69113,experimental,83,noticing,0,142.18260001507588
P69113,experimental,84,the,0,144.8062999988906
P69113,experimental,85,scent,0,146.30499997292645
P69113,experimental,86,of,0,107.31719998875633
P69113,experimental,87,roasted,0,161.63059999234974
P69113,experimental,88,coffee,0,139.87300000735559
P69113,experimental,89,drifting,0,157.28200000012293
P69113,experimental,90,from,0,152.6554999873042
P69113,experimental,91,a,0,143.2597000093665
P69113,experimental,92,tiny,0,152.91530001559295
P69113,experimental,93,kiosk.,0,148.7496000190731
P69113,experimental,94,Children,0,295.4219999955967
P69113,experimental,95,were,0,138.84679999318905
P69113,experimental,96,chalking,0,156.7106999864336
P69113,experimental,97,bright,0,164.8525999917183
P69113,experimental,98,shapes,0,140.08939999621361
P69113,experimental,99,on,0,136.47409999975935
P69113,experimental,100,the,0,141.47289999527857
P69113,experimental,101,paving,0,143.04880000418052
P69113,experimental,102,"stones,",0,149.83809998375364
P69113,experimental,103,and,0,139.10590001614764
P69113,experimental,104,a,0,136.963700002525
P69113,experimental,105,busker,0,104.9289999937173
P69113,experimental,106,tuned,0,172.03039999003522
P69113,experimental,107,a,0,127.58089997805655
P69113,experimental,108,battered,0,133.49680000101216
P69113,experimental,109,guitar.,0,130.28790001408197
P69113,experimental,110,Maya,0,144.41789998090826
P69113,experimental,111,stopped,0,149.32539997971617
P69113,experimental,112,to,0,139.96669999323785
P69113,experimental,113,tie,0,150.45810001902282
P69113,experimental,114,a,0,132.3839999968186
P69113,experimental,115,loose,0,288.0449000222143
P69113,experimental,116,shoelace,0,121.58169999020174
P69113,experimental,117,and,0,175.88230001274496
P69113,experimental,118,glanced,0,167.85510000772774
P69113,experimental,119,at,0,154.72230000887066
P69113,experimental,120,the,0,155.61149999848567
P69113,experimental,121,notes,0,156.3107999972999
P69113,experimental,122,for,0,176.6801000048872
P69113,experimental,123,the,0,279.747699998552
P69113,experimental,124,concert,0,299.6239000058267
P69113,experimental,125,pinned,0,256.2943999946583
P69113,experimental,126,to,0,303.7058000045363
P69113,experimental,127,a,0,280.7433999842033
P69113,experimental,128,lamp,0,316.5912000113167
P69113,experimental,129,post.,0,258.4391999989748
P69113,experimental,130,She,0,344.5464000105858
P69113,experimental,131,thought,0,395.8506000053603
P69113,experimental,132,about,0,386.3550999958534
P69113,experimental,133,her,0,416.8622000142932
P69113,experimental,134,own,0,336.68670000042766
P69113,experimental,135,"violin,",0,359.5336999860592
P69113,experimental,136,stored,0,337.1425000077579
P69113,experimental,137,away,0,163.00450000562705
P69113,experimental,138,in,0,227.6255999749992
P69113,experimental,139,a,0,379.45559999207035
P69113,experimental,140,dusty,0,911.0862000088673
P69113,experimental,141,case,0,908.10820000479
P69113,experimental,142,under,0,2045.2388999983668
P69113,experimental,143,her,0,369.2822000011802
P69113,experimental,144,bed.,0,350.57370000868104
P69113,experimental,145,The,0,245.89950000518002
P69113,experimental,146,sun,0,162.21629999927245
P69113,experimental,147,was,0,133.24930000817403
P69113,experimental,148,climbing,0,130.52539998898283
P69113,experimental,149,"higher,",0,128.0599000165239
P69113,experimental,150,glinting,0,116.22840000200085
P69113,experimental,151,off,0,131.8948999978602
P69113,experimental,152,the,0,124.00300000444986
P69113,experimental,153,windows,0,98.65130000980571
P69113,experimental,154,of,0,147.57289999397472
P69113,experimental,155,nearby,0,134.4008999876678
P69113,experimental,156,apartments.,0,139.21779999509454
P69113,experimental,157,She,0,129.70320001477376
P69113,experimental,158,began,0,130.45039999997243
P69113,experimental,159,jogging,0,142.8629000147339
P69113,experimental,160,"again,",0,151.43180001177825
P69113,experimental,161,feeling,0,149.9650999903679
P69113,experimental,162,the,0,312.5854999816511
P69113,experimental,163,steady,0,142.66630000201985
P69113,experimental,164,beat,0,158.1368999904953
P69113,experimental,165,of,0,151.1424999916926
P69113,experimental,166,her,0,151.46870000171475
P69113,experimental,167,pulse,0,146.29960001911968
P69113,experimental,168,and,0,144.13769997190684
P69113,experimental,169,the,0,134.28619998740032
P69113,experimental,170,easy,0,148.9360999839846
P69113,experimental,171,warmth,0,127.82260001404211
P69113,experimental,172,of,0,128.40200000209734
P69113,experimental,173,the,0,324.21800002339296
P69113,experimental,174,morning,0,169.32079999241978
P69113,experimental,175,settle,0,124.35650001862086
P69113,experimental,176,into,0,146.76499998313375
P69113,experimental,177,her,0,137.11239999975078
P69113,experimental,178,muscles.,0,141.72460002009757
